<?xml version="1.0"?>
<ShapeDefinitions xmlns:xsi="http://www.w3.org/2001/XMLSchema-instance" xmlns:xsd="http://www.w3.org/2001/XMLSchema">
  <BitmapFilePattern>{DllDir}\DirectOutputShapes.png</BitmapFilePattern>
  <Shapes>
    <Shape>
      <Name>Round1</Name>
      <BitmapFrameNumber>0</BitmapFrameNumber>
      <BitmapTop>1</BitmapTop>
      <BitmapLeft>1</BitmapLeft>
      <BitmapWidth>16</BitmapWidth>
      <BitmapHeight>16</BitmapHeight>
      <DataExtractMode>BlendPixels</DataExtractMode>
    </Shape>
    <Shape>
      <Name>Round2</Name>
      <BitmapFrameNumber>0</BitmapFrameNumber>
      <BitmapTop>1</BitmapTop>
      <BitmapLeft>35</BitmapLeft>
      <BitmapWidth>16</BitmapWidth>
      <BitmapHeight>16</BitmapHeight>
      <DataExtractMode>BlendPixels</DataExtractMode>
    </Shape>
    <Shape>
      <Name>Round3</Name>
      <BitmapFrameNumber>0</BitmapFrameNumber>
      <BitmapTop>1</BitmapTop>
      <BitmapLeft>69</BitmapLeft>
      <BitmapWidth>16</BitmapWidth>
      <BitmapHeight>16</BitmapHeight>
      <DataExtractMode>BlendPixels</DataExtractMode>
    </Shape>
    <Shape>
      <Name>Round4</Name>
      <BitmapFrameNumber>0</BitmapFrameNumber>
      <BitmapTop>1</BitmapTop>
      <BitmapLeft>103</BitmapLeft>
      <BitmapWidth>16</BitmapWidth>
      <BitmapHeight>16</BitmapHeight>
      <DataExtractMode>BlendPixels</DataExtractMode>
    </Shape>
    <Shape>
      <Name>Round5</Name>
      <BitmapFrameNumber>0</BitmapFrameNumber>
      <BitmapTop>1</BitmapTop>
      <BitmapLeft>137</BitmapLeft>
      <BitmapWidth>16</BitmapWidth>
      <BitmapHeight>16</BitmapHeight>
      <DataExtractMode>BlendPixels</DataExtractMode>
    </Shape>
    <Shape>
      <Name>Round6</Name>
      <BitmapFrameNumber>0</BitmapFrameNumber>
      <BitmapTop>1</BitmapTop>
      <BitmapLeft>171</BitmapLeft>
      <BitmapWidth>16</BitmapWidth>
      <BitmapHeight>16</BitmapHeight>
      <DataExtractMode>BlendPixels</DataExtractMode>
    </Shape>
    <Shape>
      <Name>Square1</Name>
      <BitmapFrameNumber>0</BitmapFrameNumber>
      <BitmapTop>1</BitmapTop>
      <BitmapLeft>375</BitmapLeft>
      <BitmapWidth>16</BitmapWidth>
      <BitmapHeight>16</BitmapHeight>
      <DataExtractMode>BlendPixels</DataExtractMode>
    </Shape>
    <Shape>
      <Name>Square2</Name>
      <BitmapFrameNumber>0</BitmapFrameNumber>
      <BitmapTop>1</BitmapTop>
      <BitmapLeft>392</BitmapLeft>
      <BitmapWidth>16</BitmapWidth>
      <BitmapHeight>16</BitmapHeight>
      <DataExtractMode>BlendPixels</DataExtractMode>
    </Shape>
    <Shape>
      <Name>Square3</Name>
      <BitmapFrameNumber>0</BitmapFrameNumber>
      <BitmapTop>1</BitmapTop>
      <BitmapLeft>409</BitmapLeft>
      <BitmapWidth>16</BitmapWidth>
      <BitmapHeight>16</BitmapHeight>
      <DataExtractMode>BlendPixels</DataExtractMode>
    </Shape>
    <Shape>
      <Name>Square4</Name>
      <BitmapFrameNumber>0</BitmapFrameNumber>
      <BitmapTop>1</BitmapTop>
      <BitmapLeft>426</BitmapLeft>
      <BitmapWidth>16</BitmapWidth>
      <BitmapHeight>16</BitmapHeight>
      <DataExtractMode>BlendPixels</DataExtractMode>
    </Shape>
    <Shape>
      <Name>Square5</Name>
      <BitmapFrameNumber>0</BitmapFrameNumber>
      <BitmapTop>1</BitmapTop>
      <BitmapLeft>443</BitmapLeft>
      <BitmapWidth>16</BitmapWidth>
      <BitmapHeight>16</BitmapHeight>
      <DataExtractMode>BlendPixels</DataExtractMode>
    </Shape>
    <Shape>
      <Name>Square6</Name>
      <BitmapFrameNumber>0</BitmapFrameNumber>
      <BitmapTop>1</BitmapTop>
      <BitmapLeft>460</BitmapLeft>
      <BitmapWidth>16</BitmapWidth>
      <BitmapHeight>16</BitmapHeight>
      <DataExtractMode>BlendPixels</DataExtractMode>
    </Shape>


    <Shape>
      <Name>Circle1</Name>
      <BitmapFrameNumber>0</BitmapFrameNumber>
      <BitmapTop>18</BitmapTop>
      <BitmapLeft>1</BitmapLeft>
      <BitmapWidth>16</BitmapWidth>
      <BitmapHeight>16</BitmapHeight>
      <DataExtractMode>BlendPixels</DataExtractMode>
    </Shape>
    <Shape>
      <Name>Circle2</Name>
      <BitmapFrameNumber>0</BitmapFrameNumber>
      <BitmapTop>18</BitmapTop>
      <BitmapLeft>18</BitmapLeft>
      <BitmapWidth>16</BitmapWidth>
      <BitmapHeight>16</BitmapHeight>
      <DataExtractMode>BlendPixels</DataExtractMode>
    </Shape>
    <Shape>
      <Name>Circle3</Name>
      <BitmapFrameNumber>0</BitmapFrameNumber>
      <BitmapTop>18</BitmapTop>
      <BitmapLeft>35</BitmapLeft>
      <BitmapWidth>16</BitmapWidth>
      <BitmapHeight>16</BitmapHeight>
      <DataExtractMode>BlendPixels</DataExtractMode>
    </Shape>
    <Shape>
      <Name>Circle4</Name>
      <BitmapFrameNumber>0</BitmapFrameNumber>
      <BitmapTop>18</BitmapTop>
      <BitmapLeft>52</BitmapLeft>
      <BitmapWidth>16</BitmapWidth>
      <BitmapHeight>16</BitmapHeight>
      <DataExtractMode>BlendPixels</DataExtractMode>
    </Shape>
    <Shape>
      <Name>Circle5</Name>
      <BitmapFrameNumber>0</BitmapFrameNumber>
      <BitmapTop>18</BitmapTop>
      <BitmapLeft>69</BitmapLeft>
      <BitmapWidth>16</BitmapWidth>
      <BitmapHeight>16</BitmapHeight>
      <DataExtractMode>BlendPixels</DataExtractMode>
    </Shape>
    <Shape>
      <Name>Circle6</Name>
      <BitmapFrameNumber>0</BitmapFrameNumber>
      <BitmapTop>18</BitmapTop>
      <BitmapLeft>86</BitmapLeft>
      <BitmapWidth>16</BitmapWidth>
      <BitmapHeight>16</BitmapHeight>
      <DataExtractMode>BlendPixels</DataExtractMode>
    </Shape>

    <Shape>
      <Name>Cross1</Name>
      <BitmapFrameNumber>0</BitmapFrameNumber>
      <BitmapTop>18</BitmapTop>
      <BitmapLeft>205</BitmapLeft>
      <BitmapWidth>16</BitmapWidth>
      <BitmapHeight>16</BitmapHeight>
      <DataExtractMode>BlendPixels</DataExtractMode>
    </Shape>
    <Shape>
      <Name>Cross2</Name>
      <BitmapFrameNumber>0</BitmapFrameNumber>
      <BitmapTop>18</BitmapTop>
      <BitmapLeft>222</BitmapLeft>
      <BitmapWidth>16</BitmapWidth>
      <BitmapHeight>16</BitmapHeight>
      <DataExtractMode>BlendPixels</DataExtractMode>
    </Shape>
    <Shape>
      <Name>Cross3</Name>
      <BitmapFrameNumber>0</BitmapFrameNumber>
      <BitmapTop>18</BitmapTop>
      <BitmapLeft>239</BitmapLeft>
      <BitmapWidth>16</BitmapWidth>
      <BitmapHeight>16</BitmapHeight>
      <DataExtractMode>BlendPixels</DataExtractMode>
    </Shape>
    <Shape>
      <Name>Cross4</Name>
      <BitmapFrameNumber>0</BitmapFrameNumber>
      <BitmapTop>18</BitmapTop>
      <BitmapLeft>256</BitmapLeft>
      <BitmapWidth>16</BitmapWidth>
      <BitmapHeight>16</BitmapHeight>
      <DataExtractMode>BlendPixels</DataExtractMode>
    </Shape>
    <Shape>
      <Name>Cross5</Name>
      <BitmapFrameNumber>0</BitmapFrameNumber>
      <BitmapTop>18</BitmapTop>
      <BitmapLeft>273</BitmapLeft>
      <BitmapWidth>16</BitmapWidth>
      <BitmapHeight>16</BitmapHeight>
      <DataExtractMode>BlendPixels</DataExtractMode>
    </Shape>
    <Shape>
      <Name>Cross6</Name>
      <BitmapFrameNumber>0</BitmapFrameNumber>
      <BitmapTop>18</BitmapTop>
      <BitmapLeft>290</BitmapLeft>
      <BitmapWidth>16</BitmapWidth>
      <BitmapHeight>16</BitmapHeight>
      <DataExtractMode>BlendPixels</DataExtractMode>
    </Shape>

    <Shape>
      <Name>Box1</Name>
      <BitmapFrameNumber>0</BitmapFrameNumber>
      <BitmapTop>35</BitmapTop>
      <BitmapLeft>239</BitmapLeft>
      <BitmapWidth>16</BitmapWidth>
      <BitmapHeight>16</BitmapHeight>
      <DataExtractMode>BlendPixels</DataExtractMode>
    </Shape>
    <Shape>
      <Name>Box2</Name>
      <BitmapFrameNumber>0</BitmapFrameNumber>
      <BitmapTop>35</BitmapTop>
      <BitmapLeft>256</BitmapLeft>
      <BitmapWidth>16</BitmapWidth>
      <BitmapHeight>16</BitmapHeight>
      <DataExtractMode>BlendPixels</DataExtractMode>
    </Shape>
    <Shape>
      <Name>Box3</Name>
      <BitmapFrameNumber>0</BitmapFrameNumber>
      <BitmapTop>35</BitmapTop>
      <BitmapLeft>273</BitmapLeft>
      <BitmapWidth>16</BitmapWidth>
      <BitmapHeight>16</BitmapHeight>
      <DataExtractMode>BlendPixels</DataExtractMode>
    </Shape>
    <Shape>
      <Name>Box4</Name>
      <BitmapFrameNumber>0</BitmapFrameNumber>
      <BitmapTop>35</BitmapTop>
      <BitmapLeft>290</BitmapLeft>
      <BitmapWidth>16</BitmapWidth>
      <BitmapHeight>16</BitmapHeight>
      <DataExtractMode>BlendPixels</DataExtractMode>
    </Shape>
    <Shape>
      <Name>Box5</Name>
      <BitmapFrameNumber>0</BitmapFrameNumber>
      <BitmapTop>35</BitmapTop>
      <BitmapLeft>307</BitmapLeft>
      <BitmapWidth>16</BitmapWidth>
      <BitmapHeight>16</BitmapHeight>
      <DataExtractMode>BlendPixels</DataExtractMode>
    </Shape>
    <Shape>
      <Name>Box6</Name>
      <BitmapFrameNumber>0</BitmapFrameNumber>
      <BitmapTop>35</BitmapTop>
      <BitmapLeft>324</BitmapLeft>
      <BitmapWidth>16</BitmapWidth>
      <BitmapHeight>16</BitmapHeight>
      <DataExtractMode>BlendPixels</DataExtractMode>
    </Shape>

    <Shape>
      <Name>Diamond1</Name>
      <BitmapFrameNumber>0</BitmapFrameNumber>
      <BitmapTop>35</BitmapTop>
      <BitmapLeft>613</BitmapLeft>
      <BitmapWidth>16</BitmapWidth>
      <BitmapHeight>16</BitmapHeight>
      <DataExtractMode>BlendPixels</DataExtractMode>
    </Shape>
    <Shape>
      <Name>Diamond2</Name>
      <BitmapFrameNumber>0</BitmapFrameNumber>
      <BitmapTop>35</BitmapTop>
      <BitmapLeft>630</BitmapLeft>
      <BitmapWidth>16</BitmapWidth>
      <BitmapHeight>16</BitmapHeight>
      <DataExtractMode>BlendPixels</DataExtractMode>
    </Shape>
    <Shape>
      <Name>Diamond3</Name>
      <BitmapFrameNumber>0</BitmapFrameNumber>
      <BitmapTop>35</BitmapTop>
      <BitmapLeft>647</BitmapLeft>
      <BitmapWidth>16</BitmapWidth>
      <BitmapHeight>16</BitmapHeight>
      <DataExtractMode>BlendPixels</DataExtractMode>
    </Shape>
    <Shape>
      <Name>Diamond4</Name>
      <BitmapFrameNumber>0</BitmapFrameNumber>
      <BitmapTop>35</BitmapTop>
      <BitmapLeft>664</BitmapLeft>
      <BitmapWidth>16</BitmapWidth>
      <BitmapHeight>16</BitmapHeight>
      <DataExtractMode>BlendPixels</DataExtractMode>
    </Shape>
    <Shape>
      <Name>Diamond5</Name>
      <BitmapFrameNumber>0</BitmapFrameNumber>
      <BitmapTop>35</BitmapTop>
      <BitmapLeft>681</BitmapLeft>
      <BitmapWidth>16</BitmapWidth>
      <BitmapHeight>16</BitmapHeight>
      <DataExtractMode>BlendPixels</DataExtractMode>
    </Shape>
    <Shape>
      <Name>Diamond6</Name>
      <BitmapFrameNumber>0</BitmapFrameNumber>
      <BitmapTop>35</BitmapTop>
      <BitmapLeft>698</BitmapLeft>
      <BitmapWidth>16</BitmapWidth>
      <BitmapHeight>16</BitmapHeight>
      <DataExtractMode>BlendPixels</DataExtractMode>
    </Shape>

    <Shape>
      <Name>Smiley</Name>
      <BitmapFrameNumber>0</BitmapFrameNumber>
      <BitmapTop>52</BitmapTop>
      <BitmapLeft>409</BitmapLeft>
      <BitmapWidth>16</BitmapWidth>
      <BitmapHeight>16</BitmapHeight>
      <DataExtractMode>BlendPixels</DataExtractMode>
    </Shape>
    <Shape>
      <Name>Frowny</Name>
      <BitmapFrameNumber>0</BitmapFrameNumber>
      <BitmapTop>52</BitmapTop>
      <BitmapLeft>426</BitmapLeft>
      <BitmapWidth>16</BitmapWidth>
      <BitmapHeight>16</BitmapHeight>
      <DataExtractMode>BlendPixels</DataExtractMode>
    </Shape>





    <ShapeAnimated>
      <Name>RoundPulse</Name>
      <BitmapFrameNumber>0</BitmapFrameNumber>
      <BitmapTop>1</BitmapTop>
      <BitmapLeft>1</BitmapLeft>
      <BitmapWidth>16</BitmapWidth>
      <BitmapHeight>16</BitmapHeight>
      <DataExtractMode>BlendPixels</DataExtractMode>
      <AnimationStepDirection>Right</AnimationStepDirection>
      <AnimationStepSize>17</AnimationStepSize>
      <AnimationFrameCount>20</AnimationFrameCount>
      <AnimationBehaviour>Continue</AnimationBehaviour>
      <AnimationFrameDurationMs>40</AnimationFrameDurationMs>
    </ShapeAnimated>
    <ShapeAnimated>
      <Name>SquarePulse</Name>
      <BitmapFrameNumber>0</BitmapFrameNumber>
      <BitmapTop>1</BitmapTop>
      <BitmapLeft>341</BitmapLeft>
      <BitmapWidth>16</BitmapWidth>
      <BitmapHeight>16</BitmapHeight>
      <DataExtractMode>BlendPixels</DataExtractMode>
      <AnimationStepDirection>Right</AnimationStepDirection>
      <AnimationStepSize>17</AnimationStepSize>
      <AnimationFrameCount>14</AnimationFrameCount>
      <AnimationBehaviour>Continue</AnimationBehaviour>
      <AnimationFrameDurationMs>40</AnimationFrameDurationMs>
    </ShapeAnimated>
    <ShapeAnimated>
      <Name>CirclePulse</Name>
      <BitmapFrameNumber>0</BitmapFrameNumber>
      <BitmapTop>18</BitmapTop>
      <BitmapLeft>1</BitmapLeft>
      <BitmapWidth>16</BitmapWidth>
      <BitmapHeight>16</BitmapHeight>
      <DataExtractMode>BlendPixels</DataExtractMode>
      <AnimationStepDirection>Right</AnimationStepDirection>
      <AnimationStepSize>17</AnimationStepSize>
      <AnimationFrameCount>12</AnimationFrameCount>
      <AnimationBehaviour>Continue</AnimationBehaviour>
      <AnimationFrameDurationMs>40</AnimationFrameDurationMs>
    </ShapeAnimated>
    <ShapeAnimated>
      <Name>CrossPulse</Name>
      <BitmapFrameNumber>0</BitmapFrameNumber>
      <BitmapTop>18</BitmapTop>
      <BitmapLeft>205</BitmapLeft>
      <BitmapWidth>16</BitmapWidth>
      <BitmapHeight>16</BitmapHeight>
      <DataExtractMode>BlendPixels</DataExtractMode>
      <AnimationStepDirection>Right</AnimationStepDirection>
      <AnimationStepSize>17</AnimationStepSize>
      <AnimationFrameCount>11</AnimationFrameCount>
      <AnimationBehaviour>Continue</AnimationBehaviour>
      <AnimationFrameDurationMs>40</AnimationFrameDurationMs>
    </ShapeAnimated>
    <ShapeAnimated>
      <Name>LeftRight</Name>
      <BitmapFrameNumber>0</BitmapFrameNumber>
      <BitmapTop>1</BitmapTop>
      <BitmapLeft>579</BitmapLeft>
      <BitmapWidth>16</BitmapWidth>
      <BitmapHeight>16</BitmapHeight>
      <DataExtractMode>BlendPixels</DataExtractMode>
      <AnimationStepDirection>Right</AnimationStepDirection>
      <AnimationStepSize>17</AnimationStepSize>
      <AnimationFrameCount>12</AnimationFrameCount>
      <AnimationBehaviour>Continue</AnimationBehaviour>
      <AnimationFrameDurationMs>40</AnimationFrameDurationMs>
    </ShapeAnimated>
    <ShapeAnimated>
      <Name>VLinePulse</Name>
      <BitmapFrameNumber>0</BitmapFrameNumber>
      <BitmapTop>18</BitmapTop>
      <BitmapLeft>392</BitmapLeft>
      <BitmapWidth>16</BitmapWidth>
      <BitmapHeight>16</BitmapHeight>
      <DataExtractMode>BlendPixels</DataExtractMode>
      <AnimationStepDirection>Right</AnimationStepDirection>
      <AnimationStepSize>17</AnimationStepSize>
      <AnimationFrameCount>21</AnimationFrameCount>
      <AnimationBehaviour>Continue</AnimationBehaviour>
      <AnimationFrameDurationMs>40</AnimationFrameDurationMs>
    </ShapeAnimated>
    <ShapeAnimated>
      <Name>UpDown</Name>
      <BitmapFrameNumber>0</BitmapFrameNumber>
      <BitmapTop>35</BitmapTop>
      <BitmapLeft>1</BitmapLeft>
      <BitmapWidth>16</BitmapWidth>
      <BitmapHeight>16</BitmapHeight>
      <DataExtractMode>BlendPixels</DataExtractMode>
      <AnimationStepDirection>Right</AnimationStepDirection>
      <AnimationStepSize>17</AnimationStepSize>
      <AnimationFrameCount>12</AnimationFrameCount>
      <AnimationBehaviour>Continue</AnimationBehaviour>
      <AnimationFrameDurationMs>40</AnimationFrameDurationMs>
    </ShapeAnimated>
    <ShapeAnimated>
      <Name>SquarePlop</Name>
      <BitmapFrameNumber>0</BitmapFrameNumber>
      <BitmapTop>35</BitmapTop>
      <BitmapLeft>205</BitmapLeft>
      <BitmapWidth>16</BitmapWidth>
      <BitmapHeight>16</BitmapHeight>
      <DataExtractMode>BlendPixels</DataExtractMode>
      <AnimationStepDirection>Right</AnimationStepDirection>
      <AnimationStepSize>17</AnimationStepSize>
      <AnimationFrameCount>11</AnimationFrameCount>
      <AnimationBehaviour>Continue</AnimationBehaviour>
      <AnimationFrameDurationMs>40</AnimationFrameDurationMs>
    </ShapeAnimated>
    <ShapeAnimated>
      <Name>RoundAndRound</Name>
      <BitmapFrameNumber>0</BitmapFrameNumber>
      <BitmapTop>35</BitmapTop>
      <BitmapLeft>392</BitmapLeft>
      <BitmapWidth>16</BitmapWidth>
      <BitmapHeight>16</BitmapHeight>
      <DataExtractMode>BlendPixels</DataExtractMode>
      <AnimationStepDirection>Right</AnimationStepDirection>
      <AnimationStepSize>17</AnimationStepSize>
      <AnimationFrameCount>10</AnimationFrameCount>
      <AnimationBehaviour>Continue</AnimationBehaviour>
      <AnimationFrameDurationMs>40</AnimationFrameDurationMs>
    </ShapeAnimated>
    <ShapeAnimated>
      <Name>DiamondPulse</Name>
      <BitmapFrameNumber>0</BitmapFrameNumber>
      <BitmapTop>35</BitmapTop>
      <BitmapLeft>562</BitmapLeft>
      <BitmapWidth>16</BitmapWidth>
      <BitmapHeight>16</BitmapHeight>
      <DataExtractMode>BlendPixels</DataExtractMode>
      <AnimationStepDirection>Right</AnimationStepDirection>
      <AnimationStepSize>17</AnimationStepSize>
      <AnimationFrameCount>16</AnimationFrameCount>
      <AnimationBehaviour>Continue</AnimationBehaviour>
      <AnimationFrameDurationMs>40</AnimationFrameDurationMs>
    </ShapeAnimated>
    <ShapeAnimated>
      <Name>DiamondBoxPulse</Name>
      <BitmapFrameNumber>0</BitmapFrameNumber>
      <BitmapTop>52</BitmapTop>
      <BitmapLeft>1</BitmapLeft>
      <BitmapWidth>16</BitmapWidth>
      <BitmapHeight>16</BitmapHeight>
      <DataExtractMode>BlendPixels</DataExtractMode>
      <AnimationStepDirection>Right</AnimationStepDirection>
      <AnimationStepSize>17</AnimationStepSize>
      <AnimationFrameCount>24</AnimationFrameCount>
      <AnimationBehaviour>Continue</AnimationBehaviour>
      <AnimationFrameDurationMs>40</AnimationFrameDurationMs>
    </ShapeAnimated>
    <ShapeAnimated>
      <Name>FillTopBottom</Name>
      <BitmapFrameNumber>0</BitmapFrameNumber>
      <BitmapTop>69</BitmapTop>
      <BitmapLeft>1</BitmapLeft>
      <BitmapWidth>16</BitmapWidth>
      <BitmapHeight>16</BitmapHeight>
      <DataExtractMode>BlendPixels</DataExtractMode>
      <AnimationStepDirection>Right</AnimationStepDirection>
      <AnimationStepSize>17</AnimationStepSize>
      <AnimationFrameCount>13</AnimationFrameCount>
      <AnimationBehaviour>Continue</AnimationBehaviour>
      <AnimationFrameDurationMs>40</AnimationFrameDurationMs>
    </ShapeAnimated>
    <ShapeAnimated>
      <Name>FillBottomTop</Name>
      <BitmapFrameNumber>0</BitmapFrameNumber>
      <BitmapTop>69</BitmapTop>
      <BitmapLeft>205</BitmapLeft>
      <BitmapWidth>16</BitmapWidth>
      <BitmapHeight>16</BitmapHeight>
      <DataExtractMode>BlendPixels</DataExtractMode>
      <AnimationStepDirection>Right</AnimationStepDirection>
      <AnimationStepSize>-17</AnimationStepSize>
      <AnimationFrameCount>13</AnimationFrameCount>
      <AnimationBehaviour>Continue</AnimationBehaviour>
      <AnimationFrameDurationMs>40</AnimationFrameDurationMs>
    </ShapeAnimated>
    <ShapeAnimated>
      <Name>FillLeftRight</Name>
      <BitmapFrameNumber>0</BitmapFrameNumber>
      <BitmapTop>69</BitmapTop>
      <BitmapLeft>222</BitmapLeft>
      <BitmapWidth>16</BitmapWidth>
      <BitmapHeight>16</BitmapHeight>
      <DataExtractMode>BlendPixels</DataExtractMode>
      <AnimationStepDirection>Right</AnimationStepDirection>
      <AnimationStepSize>17</AnimationStepSize>
      <AnimationFrameCount>13</AnimationFrameCount>
      <AnimationBehaviour>Continue</AnimationBehaviour>
      <AnimationFrameDurationMs>40</AnimationFrameDurationMs>
    </ShapeAnimated>
    <ShapeAnimated>
      <Name>FillRightLeft</Name>
      <BitmapFrameNumber>0</BitmapFrameNumber>
      <BitmapTop>69</BitmapTop>
      <BitmapLeft>460</BitmapLeft>
      <BitmapWidth>16</BitmapWidth>
      <BitmapHeight>16</BitmapHeight>
      <DataExtractMode>BlendPixels</DataExtractMode>
      <AnimationStepDirection>Right</AnimationStepDirection>
      <AnimationStepSize>-17</AnimationStepSize>
      <AnimationFrameCount>13</AnimationFrameCount>
      <AnimationBehaviour>Continue</AnimationBehaviour>
      <AnimationFrameDurationMs>40</AnimationFrameDurationMs>
    </ShapeAnimated>
    <ShapeAnimated>
      <Name>PointPlop</Name>
      <BitmapFrameNumber>0</BitmapFrameNumber>
      <BitmapTop>1</BitmapTop>
      <BitmapLeft>783</BitmapLeft>
      <BitmapWidth>16</BitmapWidth>
      <BitmapHeight>16</BitmapHeight>
      <DataExtractMode>BlendPixels</DataExtractMode>
      <AnimationStepDirection>Right</AnimationStepDirection>
      <AnimationStepSize>17</AnimationStepSize>
      <AnimationFrameCount>8</AnimationFrameCount>
      <AnimationBehaviour>Continue</AnimationBehaviour>
      <AnimationFrameDurationMs>40</AnimationFrameDurationMs>
    </ShapeAnimated>
    <ShapeAnimated>
      <Name>ArrowRight</Name>
      <BitmapFrameNumber>0</BitmapFrameNumber>
      <BitmapTop>52</BitmapTop>
      <BitmapLeft>475</BitmapLeft>
      <BitmapWidth>16</BitmapWidth>
      <BitmapHeight>16</BitmapHeight>
      <DataExtractMode>BlendPixels</DataExtractMode>
      <AnimationStepDirection>Right</AnimationStepDirection>
      <AnimationStepSize>-2</AnimationStepSize>
      <AnimationFrameCount>16</AnimationFrameCount>
      <AnimationBehaviour>Continue</AnimationBehaviour>
      <AnimationFrameDurationMs>40</AnimationFrameDurationMs>
    </ShapeAnimated>
    <ShapeAnimated>
      <Name>ArrowLeft</Name>
      <BitmapFrameNumber>0</BitmapFrameNumber>
      <BitmapTop>52</BitmapTop>
      <BitmapLeft>494</BitmapLeft>
      <BitmapWidth>16</BitmapWidth>
      <BitmapHeight>16</BitmapHeight>
      <DataExtractMode>BlendPixels</DataExtractMode>
      <AnimationStepDirection>Right</AnimationStepDirection>
      <AnimationStepSize>-2</AnimationStepSize>
      <AnimationFrameCount>16</AnimationFrameCount>
      <AnimationBehaviour>Continue</AnimationBehaviour>
      <AnimationFrameDurationMs>40</AnimationFrameDurationMs>
    </ShapeAnimated>
    <ShapeAnimated>
      <Name>ColorSwirl</Name>
      <BitmapFrameNumber>0</BitmapFrameNumber>
      <BitmapTop>86</BitmapTop>
      <BitmapLeft>1</BitmapLeft>
      <BitmapWidth>16</BitmapWidth>
      <BitmapHeight>16</BitmapHeight>
      <DataExtractMode>BlendPixels</DataExtractMode>
      <AnimationStepDirection>Right</AnimationStepDirection>
      <AnimationStepSize>17</AnimationStepSize>
      <AnimationFrameCount>8</AnimationFrameCount>
      <AnimationBehaviour>Continue</AnimationBehaviour>
      <AnimationFrameDurationMs>40</AnimationFrameDurationMs>
    </ShapeAnimated>
    <ShapeAnimated>
      <Name>ColorBurst</Name>
      <BitmapFrameNumber>0</BitmapFrameNumber>
      <BitmapTop>86</BitmapTop>
      <BitmapLeft>137</BitmapLeft>
      <BitmapWidth>16</BitmapWidth>
      <BitmapHeight>16</BitmapHeight>
      <DataExtractMode>BlendPixels</DataExtractMode>
      <AnimationStepDirection>Right</AnimationStepDirection>
      <AnimationStepSize>17</AnimationStepSize>
      <AnimationFrameCount>29</AnimationFrameCount>
      <AnimationBehaviour>Continue</AnimationBehaviour>
      <AnimationFrameDurationMs>40</AnimationFrameDurationMs>
    </ShapeAnimated>




  </Shapes>
</ShapeDefinitions>