﻿<?xml version="1.0"?>
<doc>
<assembly>
<name>
DirectOutputComObject
</name>
</assembly>
<members>
<member name="T:DirectOutputCom.My.Resources.Resources">
<summary>
  A strongly-typed resource class, for looking up localized strings, etc.
</summary>
</member>
<member name="P:DirectOutputCom.My.Resources.Resources.ResourceManager">
<summary>
  Returns the cached ResourceManager instance used by this class.
</summary>
</member>
<member name="P:DirectOutputCom.My.Resources.Resources.Culture">
<summary>
  Overrides the current thread's CurrentUICulture property for all
  resource lookups using this strongly typed resource class.
</summary>
</member>
<member name="T:DirectOutputCom.ComObject">
 <summary>
 A simple com object implementation for DirectOutput.<br/>
 It is in vb.net, since there are not templates to create com objects in C#.<br/>
 Do I have to mention that IMHO vb.net is a real nightmare to work with.
 </summary>
</member>
<member name="M:DirectOutputCom.ComObject.GetVersion">
 <summary>
 Gets the version of the DirectOutput framework.
 </summary>
 <returns>String containing the version of the framework.</returns>
</member>
<member name="M:DirectOutputCom.ComObject.GetName">
 <summary>
 Gets the name and the version of the DirectOutput framework.
 </summary>
 <returns>String containg the name and the version of the DirectOutput framework.</returns>
</member>
<member name="M:DirectOutputCom.ComObject.GetDllPath">
 <summary>
 Gets the path to the directory of the DirectOutput framework.
 </summary>
 <returns></returns>
</member>
<member name="M:DirectOutputCom.ComObject.Finish">
 <summary>
 Finishes the DirectOutput framework.
 </summary>
</member>
<member name="M:DirectOutputCom.ComObject.UpdateTableElement(System.String,System.Int32,System.Int32)">
 <summary>
 Updates the data of a table element
 </summary>
 <param name="TableElementTypeChar">The table element type char.<br/>Only the first letter/character of this para is passed on to the destination.</param>
 <param name="Number">The number of the table element.</param>
 <param name="Value">The value of the table element.</param>
 <exception cref="T:System.Exception">
 Could not extract the first char of the TableElementTypeChar parameter
 or
 You must call Init before sending data.
 </exception>
</member>
<member name="M:DirectOutputCom.ComObject.UpdateNamedTableElement(System.String,System.Int32)">
 <summary>
 Updates a named table element.
 </summary>
 <param name="TableElementName">Name of the table element.</param>
 <param name="Value">The value of the table element.</param>
 <exception cref="T:System.ArgumentException">The TableElementName cant be null or empty.</exception>
 <exception cref="T:System.Exception">You must call Init before sending data.</exception>
</member>
<member name="M:DirectOutputCom.ComObject.Init(System.String,System.String,System.String)">
 <summary>
 Initializes the DirectOutput framework.<br/>
 \remark: The DirectOutput framework uses the HostingApplicationName parameter to construct the name of the global config file. The name of the global config file is GlobalConfig_{HostingApplicationName}.xml<br/>
 For more information on global configuration check the page on this topic in the documentation.
 </summary>
 <param name="HostingApplicationName">Name of the hosting application. The parameter is used to contruct the name of the global config file for which the framework is looking.</param>
 <param name="TableFileName">Name of the table file.<br/>If there is no table file available, it is recommended to supply the name and path of a not existing, dummy table file since the system can use this to determine the location of config files (depends on global config settings)</param>
 <param name="GameName">Name of the game / rom name. <br/>If no rom name is available (e.g. for EM tables) you can supply a string which identifies the game uniquely. This para can be used to lookup table configs (depends on global config and the other config files).</param>
 <exception cref="T:System.Exception">Object has already been initialized. Call Finish() before initializing again.</exception>
</member>
<member name="M:DirectOutputCom.ComObject.ShowFrontend">
 <summary>
 Shows the frontend of the DirectOutput framework.
 </summary>
 <exception cref="T:System.Exception">Init has to be called before the frontend is opend.</exception>
</member>
<member name="M:DirectOutputCom.ComObject.GetConfiguredTableElmentDescriptors">
 <summary>
 Gets the descriptors for configured table elments.
 </summary>
 <returns>Array of tabler element descriptors</returns>
</member>
<member name="M:DirectOutputCom.ComObject.TableMappingFileName">
 <summary>
 Return the Name and Path of the TableMapping file.
 </summary>
 <returns>Name and Path of the TableMapping file.</returns>
</member>
</members>
</doc>
